INSERT INTO `channel` (`channel_id`, `account_id`, `channel_name`, `subscribers_count`) VALUES ('0001', '0001', 'T-Series', '222000000');
INSERT INTO `channel` (`channel_id`, `account_id`, `channel_name`, `subscribers_count`) VALUES ('0002', '0002', 'YouTube Movies', '154000000');
INSERT INTO `channel` (`channel_id`, `account_id`, `channel_name`, `subscribers_count`) VALUES ('0003', '0003', 'Cocomelon - Nursery Rhymes', '140000000');
INSERT INTO `channel` (`channel_id`, `account_id`, `channel_name`, `subscribers_count`) VALUES ('0004', '0004', 'SET India', '139000000');
INSERT INTO `channel` (`channel_id`, `account_id`, `channel_name`, `subscribers_count`) VALUES ('0005', '0005', 'Music', '116000000');
INSERT INTO `channel` (`channel_id`, `account_id`, `channel_name`, `subscribers_count`) VALUES ('0006', '0006', 'PewDiePie', '111000000');
INSERT INTO `channel` (`channel_id`, `account_id`, `channel_name`, `subscribers_count`) VALUES ('0007', '0007', 'MrBeast', '102000000');
INSERT INTO `channel` (`channel_id`, `account_id`, `channel_name`, `subscribers_count`) VALUES ('0008', '0008', 'Kids Diana Show', '99700000');
INSERT INTO `channel` (`channel_id`, `account_id`, `channel_name`, `subscribers_count`) VALUES ('0009', '0009', 'Like Nastya', '99200000');
INSERT INTO `channel` (`channel_id`, `account_id`, `channel_name`, `subscribers_count`) VALUES ('0010', '0010', 'Gaming', '92700000');
INSERT INTO `channel` (`channel_id`, `account_id`, `channel_name`, `subscribers_count`) VALUES ('0011', '0011', 'WWE', '90200000');
INSERT INTO `channel` (`channel_id`, `account_id`, `channel_name`, `subscribers_count`) VALUES ('0012', '0012', 'Zee Music Company', '86700000');
INSERT INTO `channel` (`channel_id`, `account_id`, `channel_name`, `subscribers_count`) VALUES ('0013', '0013', 'Vlad and Niki', '85100000');
INSERT INTO `channel` (`channel_id`, `account_id`, `channel_name`, `subscribers_count`) VALUES ('0014', '0014', '5-Minute Crafts', '77100000');
INSERT INTO `channel` (`channel_id`, `account_id`, `channel_name`, `subscribers_count`) VALUES ('0015', '0015', 'BLACKPINK', '76200000');
INSERT INTO `channel` (`channel_id`, `account_id`, `channel_name`, `subscribers_count`) VALUES ('0016', '0016', 'Sports', '75100000');
INSERT INTO `channel` (`channel_id`, `account_id`, `channel_name`, `subscribers_count`) VALUES ('0017', '0017', 'Goldmines', '74100000');
INSERT INTO `channel` (`channel_id`, `account_id`, `channel_name`, `subscribers_count`) VALUES ('0018', '0018', 'Sony SAB', '70600000');
INSERT INTO `channel` (`channel_id`, `account_id`, `channel_name`, `subscribers_count`) VALUES ('0019', '0019', 'BANGTANTV', '70000000');
INSERT INTO `channel` (`channel_id`, `account_id`, `channel_name`, `subscribers_count`) VALUES ('0020', '0020', 'Justin Bieber', '69700000');
INSERT INTO `channel` (`channel_id`, `account_id`, `channel_name`, `subscribers_count`) VALUES ('0021', '0021', 'HYBE LABELS', '67800000');
INSERT INTO `channel` (`channel_id`, `account_id`, `channel_name`, `subscribers_count`) VALUES ('0022', '0022', 'Canal KondZilla', '65900000');
INSERT INTO `channel` (`channel_id`, `account_id`, `channel_name`, `subscribers_count`) VALUES ('0023', '0023', 'Zee TV', '63000000');
INSERT INTO `channel` (`channel_id`, `account_id`, `channel_name`, `subscribers_count`) VALUES ('0024', '0024', 'Shemaroo Filmi Gaane', '61300000');
INSERT INTO `channel` (`channel_id`, `account_id`, `channel_name`, `subscribers_count`) VALUES ('0025', '0025', 'Pinkfong Baby Shark - Kids Songs & Stories', '59400000');
INSERT INTO `channel` (`channel_id`, `account_id`, `channel_name`, `subscribers_count`) VALUES ('0026', '0026', 'Dude Perfect', '58100000');
INSERT INTO `channel` (`channel_id`, `account_id`, `channel_name`, `subscribers_count`) VALUES ('0027', '0027', 'ChuChu TV Nursery Rhymes & Kids Songs', '57700000');
INSERT INTO `channel` (`channel_id`, `account_id`, `channel_name`, `subscribers_count`) VALUES ('0028', '0028', 'Movieclips', '57600000');
INSERT INTO `channel` (`channel_id`, `account_id`, `channel_name`, `subscribers_count`) VALUES ('0029', '0029', 'Marshmello', '55700000');
INSERT INTO `channel` (`channel_id`, `account_id`, `channel_name`, `subscribers_count`) VALUES ('0030', '0030', 'Colors TV', '55100000');
INSERT INTO `channel` (`channel_id`, `account_id`, `channel_name`, `subscribers_count`) VALUES ('0031', '0031', 'Wave Music', '53400000');
INSERT INTO `channel` (`channel_id`, `account_id`, `channel_name`, `subscribers_count`) VALUES ('0032', '0032', 'EminemMusic', '53000000');
INSERT INTO `channel` (`channel_id`, `account_id`, `channel_name`, `subscribers_count`) VALUES ('0033', '0033', 'Aaj Tak', '52900000');
INSERT INTO `channel` (`channel_id`, `account_id`, `channel_name`, `subscribers_count`) VALUES ('0034', '0034', 'Tips Official', '52800000');
INSERT INTO `channel` (`channel_id`, `account_id`, `channel_name`, `subscribers_count`) VALUES ('0035', '0035', 'T-Series Bhakti Sagar', '52500000');
INSERT INTO `channel` (`channel_id`, `account_id`, `channel_name`, `subscribers_count`) VALUES ('0036', '0036', 'Sony Music India', '52400000');
INSERT INTO `channel` (`channel_id`, `account_id`, `channel_name`, `subscribers_count`) VALUES ('0037', '0037', 'Ed Sheeran', '52200000');
INSERT INTO `channel` (`channel_id`, `account_id`, `channel_name`, `subscribers_count`) VALUES ('0038', '0038', 'El Reino Infantil', '51700000');
INSERT INTO `channel` (`channel_id`, `account_id`, `channel_name`, `subscribers_count`) VALUES ('0039', '0039', 'Ariana Grande', '51600000');
INSERT INTO `channel` (`channel_id`, `account_id`, `channel_name`, `subscribers_count`) VALUES ('0040', '0040', 'LooLoo Kids - Nursery Rhymes and Childrens Songs', '49800000');
INSERT INTO `channel` (`channel_id`, `account_id`, `channel_name`, `subscribers_count`) VALUES ('0041', '0041', 'YRF', '47600000');
INSERT INTO `channel` (`channel_id`, `account_id`, `channel_name`, `subscribers_count`) VALUES ('0042', '0042', 'Taylor Swift', '47100000');
INSERT INTO `channel` (`channel_id`, `account_id`, `channel_name`, `subscribers_count`) VALUES ('0043', '0043', 'Billie Eilish', '46200000');
INSERT INTO `channel` (`channel_id`, `account_id`, `channel_name`, `subscribers_count`) VALUES ('0044', '0044', 'JuegaGerman', '46100000');
INSERT INTO `channel` (`channel_id`, `account_id`, `channel_name`, `subscribers_count`) VALUES ('0045', '0045', 'BillionSurpriseToys - English Kids Songs & Cartoon', '45700000');
INSERT INTO `channel` (`channel_id`, `account_id`, `channel_name`, `subscribers_count`) VALUES ('0046', '0046', 'Infobells - Hindi', '45600000');
INSERT INTO `channel` (`channel_id`, `account_id`, `channel_name`, `subscribers_count`) VALUES ('0047', '0047', 'Badabun', '45600000');
INSERT INTO `channel` (`channel_id`, `account_id`, `channel_name`, `subscribers_count`) VALUES ('0048', '0048', 'Fernanfloo', '45100000');
INSERT INTO `channel` (`channel_id`, `account_id`, `channel_name`, `subscribers_count`) VALUES ('0049', '0049', 'Felipe Neto', '44300000');
INSERT INTO `channel` (`channel_id`, `account_id`, `channel_name`, `subscribers_count`) VALUES ('0050', '0050', 'BRIGHT SIDE', '43900000');


INSERT INTO `video` (`video_id`, `title`, `Likes`, `length`, `views`, `description`, `is_short_style`, `channel_id`) VALUES ('0001', 'How I Would Learn Data Science (If I Had to Start Over)', '46903', '0:03:09', '1253559', 'How I Would Learn Data Science (If I Had to Start Over)', '1', '0001');
INSERT INTO `video` (`video_id`, `title`, `Likes`, `length`, `views`, `description`, `is_short_style`, `channel_id`) VALUES ('0002', '100K Channel Update + AMA Stream!', '130', '0:05:14', '2291', '100K Channel Update + AMA Stream!', '1', '0002');
INSERT INTO `video` (`video_id`, `title`, `Likes`, `length`, `views`, `description`, `is_short_style`, `channel_id`) VALUES ('0003', 'Uber Driver to Machine Learning Engineer in 9 Months! (@Daniel ', '881', '0:10:21', '21350', 'Uber Driver to Machine Learning Engineer in 9 Months! (@Daniel Bourke) - KNN EP. 05', '1', '0003');
INSERT INTO `video` (`video_id`, `title`, `Likes`, `length`, `views`, `description`, `is_short_style`, `channel_id`) VALUES ('0004', 'Why Im Starting Data Science Over Again.', '2622', '0:02:36', '49564', 'Why Im Starting Data Science Over Again.', '1', '0004');
INSERT INTO `video` (`video_id`, `title`, `Likes`, `length`, `views`, `description`, `is_short_style`, `channel_id`) VALUES ('0005', 'Interview with the Director of AI Research @ NVIDIA (Anima Anan', '590', '0:04:37', '13429', 'Interview with the Director of AI Research @ NVIDIA (Anima Anandkumar) - KNN EP. 07', '1', '0005');
INSERT INTO `video` (`video_id`, `title`, `Likes`, `length`, `views`, `description`, `is_short_style`, `channel_id`) VALUES ('0006', 'Ken Jee Q & A Live Stream (50,000 Sub Special!)', '137', '0:05:55', '2326', 'Ken Jee Q & A Live Stream (50,000 Sub Special!)', '1', '0005');
INSERT INTO `video` (`video_id`, `title`, `Likes`, `length`, `views`, `description`, `is_short_style`, `channel_id`) VALUES ('0007', 'The Best Free Data Science Courses Nobody is Talking About', '19464', '0:02:06', '297222', 'The Best Free Data Science Courses Nobody is Talking About', '1', '0005');
INSERT INTO `video` (`video_id`, `title`, `Likes`, `length`, `views`, `description`, `is_short_style`, `channel_id`) VALUES ('0008', 'The State of Data Science with Krish Naik & The Data Professor ', '633', '0:03:36', '20089', 'The State of Data Science with Krish Naik & The Data Professor [Panel Discussion]', '1', '0005');
INSERT INTO `video` (`video_id`, `title`, `Likes`, `length`, `views`, `description`, `is_short_style`, `channel_id`) VALUES ('0009', 'Data Science Productivity, Motivation, and Organization (ft. Da', '191', '0:04:56', '3711', 'Data Science Productivity, Motivation, and Organization (ft. Data Professor & Codebasics)', '1', '0005');
INSERT INTO `video` (`video_id`, `title`, `Likes`, `length`, `views`, `description`, `is_short_style`, `channel_id`) VALUES ('0010', 'Data Science Project from Scratch - Part 2 (Data Collection)', '2378', '0:06:47', '71147', 'Data Science Project from Scratch - Part 2 (Data Collection)', '1', '0005');
INSERT INTO `video` (`video_id`, `title`, `Likes`, `length`, `views`, `description`, `is_short_style`, `channel_id`) VALUES ('0011', 'Data Science Certificate vs Bootcamp vs Masters Degree', '2708', '0:05:53', '92355', 'Data Science Certificate vs Bootcamp vs Masters Degree', '1', '0005');
INSERT INTO `video` (`video_id`, `title`, `Likes`, `length`, `views`, `description`, `is_short_style`, `channel_id`) VALUES ('0012', 'How I Would Learn Data Science in 2021 (What Has Changed?)', '5869', '0:03:45', '123515', 'How I Would Learn Data Science in 2021 (What Has Changed?)', '1', '0006');
INSERT INTO `video` (`video_id`, `title`, `Likes`, `length`, `views`, `description`, `is_short_style`, `channel_id`) VALUES ('0013', '3 Proven Data Science Projects for Beginners (Kaggle)', '14708', '0:02:40', '237467', '3 Proven Data Science Projects for Beginners (Kaggle)', '1', '0007');
INSERT INTO `video` (`video_id`, `title`, `Likes`, `length`, `views`, `description`, `is_short_style`, `channel_id`) VALUES ('0014', 'Hedge Funds, Startups, and Data Science Oh my! (@DataLeap) - KN', '248', '0:05:37', '6860', 'Hedge Funds, Startups, and Data Science Oh my! (@DataLeap) - KNN EP. 14', '1', '0008');
INSERT INTO `video` (`video_id`, `title`, `Likes`, `length`, `views`, `description`, `is_short_style`, `channel_id`) VALUES ('0015', 'Why You Probably Wont Become a Data Scientist', '3225', '0:03:34', '108133', 'Why You Probably Wont Become a Data Scientist', '1', '0009');
INSERT INTO `video` (`video_id`, `title`, `Likes`, `length`, `views`, `description`, `is_short_style`, `channel_id`) VALUES ('0016', 'Sports Analytics & Streaming Data Science on Twitch (Nick Wan) ', '178', '0:05:30', '4415', 'Sports Analytics & Streaming Data Science on Twitch (Nick Wan) - KNN EP. 08', '1', '0010');
INSERT INTO `video` (`video_id`, `title`, `Likes`, `length`, `views`, `description`, `is_short_style`, `channel_id`) VALUES ('0017', 'Beginner Kaggle Data Science Project Walk-Through (Titanic)', '4321', '0:06:04', '168183', 'Beginner Kaggle Data Science Project Walk-Through (Titanic)', '1', '0011');
INSERT INTO `video` (`video_id`, `title`, `Likes`, `length`, `views`, `description`, `is_short_style`, `channel_id`) VALUES ('0018', 'Should You Major in Data Science? (Jaemin Lee) - KNN EP. 04', '223', '0:03:33', '5799', 'Should You Major in Data Science? (Jaemin Lee) - KNN EP. 04', '1', '0012');
INSERT INTO `video` (`video_id`, `title`, `Likes`, `length`, `views`, `description`, `is_short_style`, `channel_id`) VALUES ('0019', 'Do You Have a Data Science Mentor? (@Danny Ma) - KNN EP. 06', '115', '0:06:20', '2188', 'Do You Have a Data Science Mentor? (@Danny Ma) - KNN EP. 06', '1', '0013');
INSERT INTO `video` (`video_id`, `title`, `Likes`, `length`, `views`, `description`, `is_short_style`, `channel_id`) VALUES ('0020', 'Why I Quit Data Science', '2274', '0:02:16', '98777', 'Why I Quit Data Science', '1', '0014');
INSERT INTO `video` (`video_id`, `title`, `Likes`, `length`, `views`, `description`, `is_short_style`, `channel_id`) VALUES ('0021', 'Scrape Twitter Data in Python with Twitterscraper Module', '783', '0:02:15', '41506', 'Scrape Twitter Data in Python with Twitterscraper Module', '1', '0015');
INSERT INTO `video` (`video_id`, `title`, `Likes`, `length`, `views`, `description`, `is_short_style`, `channel_id`) VALUES ('0022', 'Building a Deep Learning BEAST (NVIDIA TITAN RTX + RYZEN 3900X)', '247', '0:02:40', '7865', 'Building a Deep Learning BEAST (NVIDIA TITAN RTX + RYZEN 3900X)', '1', '0016');
INSERT INTO `video` (`video_id`, `title`, `Likes`, `length`, `views`, `description`, `is_short_style`, `channel_id`) VALUES ('0023', 'I Built the FIRST EVER YouTube Subscriber LEADERBOARD', '675', '0:01:59', '21008', 'I Built the FIRST EVER YouTube Subscriber LEADERBOARD', '1', '0017');
INSERT INTO `video` (`video_id`, `title`, `Likes`, `length`, `views`, `description`, `is_short_style`, `channel_id`) VALUES ('0024', 'Is Data Science Dying?', '2378', '0:03:12', '70043', 'Is Data Science Dying?', '1', '0018');
INSERT INTO `video` (`video_id`, `title`, `Likes`, `length`, `views`, `description`, `is_short_style`, `channel_id`) VALUES ('0025', 'How to Get a Data Science Job at FAANG (@Data Science Jay) - KN', '450', '0:03:50', '11872', 'How to Get a Data Science Job at FAANG (@Data Science Jay) - KNN EP. 03', '1', '0019');
INSERT INTO `video` (`video_id`, `title`, `Likes`, `length`, `views`, `description`, `is_short_style`, `channel_id`) VALUES ('0026', '5 Essential Data Science Projects for Your Portfolio', '2462', '0:02:27', '51092', '5 Essential Data Science Projects for Your Portfolio', '1', '0020');
INSERT INTO `video` (`video_id`, `title`, `Likes`, `length`, `views`, `description`, `is_short_style`, `channel_id`) VALUES ('0027', 'How to Build a Data Science Portfolio Website with Hugo & Githu', '1559', '0:04:55', '44924', 'How to Build a Data Science Portfolio Website with Hugo & Github Pages [feat. Data Professor]', '1', '0021');
INSERT INTO `video` (`video_id`, `title`, `Likes`, `length`, `views`, `description`, `is_short_style`, `channel_id`) VALUES ('0028', 'Data Science Project from Scratch - Part 3 (Data Cleaning)', '1301', '0:07:26', '50234', 'Data Science Project from Scratch - Part 3 (Data Cleaning)', '1', '0022');
INSERT INTO `video` (`video_id`, `title`, `Likes`, `length`, `views`, `description`, `is_short_style`, `channel_id`) VALUES ('0029', 'The Projects You Should Do To Get A Data Science Job', '5218', '0:03:15', '131630', 'The Projects You Should Do To Get A Data Science Job', '1', '0023');
INSERT INTO `video` (`video_id`, `title`, `Likes`, `length`, `views`, `description`, `is_short_style`, `channel_id`) VALUES ('0030', 'Fast Cars to Faster Data (Alex Castrounis) - KNN EP. 12', '75', '0:06:13', '1823', 'Fast Cars to Faster Data (Alex Castrounis) - KNN EP. 12', '1', '0024');
INSERT INTO `video` (`video_id`, `title`, `Likes`, `length`, `views`, `description`, `is_short_style`, `channel_id`) VALUES ('0031', 'The 7 Biggest Data Science  Beginner Mistakes', '2252', '0:03:49', '48261', 'The 7 Biggest Data Science  Beginner Mistakes', '1', '0025');
INSERT INTO `video` (`video_id`, `title`, `Likes`, `length`, `views`, `description`, `is_short_style`, `channel_id`) VALUES ('0032', 'How I Would Learn Data Science in 2022 (If I Had to Start Over)', '4413', '0:04:29', '79283', 'How I Would Learn Data Science in 2022 (If I Had to Start Over)', '1', '0026');
INSERT INTO `video` (`video_id`, `title`, `Likes`, `length`, `views`, `description`, `is_short_style`, `channel_id`) VALUES ('0033', 'How YOU Can Land a Sports Analytics Job', '2323', '0:03:03', '50498', 'How YOU Can Land a Sports Analytics Job', '1', '0027');
INSERT INTO `video` (`video_id`, `title`, `Likes`, `length`, `views`, `description`, `is_short_style`, `channel_id`) VALUES ('0034', '3 Reasons You Should NOT Become a Data Scientist', '2783', '0:02:51', '93329', '3 Reasons You Should NOT Become a Data Scientist', '1', '0028');
INSERT INTO `video` (`video_id`, `title`, `Likes`, `length`, `views`, `description`, `is_short_style`, `channel_id`) VALUES ('0035', 'How I Learned Data Science', '2514', '0:03:28', '87169', 'How I Learned Data Science', '1', '0029');
INSERT INTO `video` (`video_id`, `title`, `Likes`, `length`, `views`, `description`, `is_short_style`, `channel_id`) VALUES ('0036', 'Math Needed for Mastering Data Science', '2529', '0:02:23', '48401', 'Math Needed for Mastering Data Science', '1', '0030');
INSERT INTO `video` (`video_id`, `title`, `Likes`, `length`, `views`, `description`, `is_short_style`, `channel_id`) VALUES ('0037', 'What is the #66DaysOfData?', '1827', '0:02:20', '52921', 'What is the #66DaysOfData?', '1', '0031');
INSERT INTO `video` (`video_id`, `title`, `Likes`, `length`, `views`, `description`, `is_short_style`, `channel_id`) VALUES ('0038', 'How to Make A Data Science Portfolio Website with Github Pages', '2778', '0:03:17', '69141', 'How to Make A Data Science Portfolio Website with Github Pages', '1', '0031');
INSERT INTO `video` (`video_id`, `title`, `Likes`, `length`, `views`, `description`, `is_short_style`, `channel_id`) VALUES ('0039', 'Data Science Project from Scratch - Part 4 (Exploratory Data An', '1408', '0:09:01', '47193', 'Data Science Project from Scratch - Part 4 (Exploratory Data Analysis)', '1', '0032');
INSERT INTO `video` (`video_id`, `title`, `Likes`, `length`, `views`, `description`, `is_short_style`, `channel_id`) VALUES ('0040', 'Different Data Science Roles Explained (by a Data Scientist)', '1589', '0:01:41', '44974', 'Different Data Science Roles Explained (by a Data Scientist)', '1', '0033');
INSERT INTO `video` (`video_id`, `title`, `Likes`, `length`, `views`, `description`, `is_short_style`, `channel_id`) VALUES ('0041', 'Data Science Project from Scratch - Part 1 (Project Planning)', '3197', '0:02:16', '102854', 'Data Science Project from Scratch - Part 1 (Project Planning)', '1', '0034');
INSERT INTO `video` (`video_id`, `title`, `Likes`, `length`, `views`, `description`, `is_short_style`, `channel_id`) VALUES ('0042', 'Why Youre Struggling to Learn Data Science', '1000', '0:02:53', '14552', 'Why Youre Struggling to Learn Data Science', '1', '0035');
INSERT INTO `video` (`video_id`, `title`, `Likes`, `length`, `views`, `description`, `is_short_style`, `channel_id`) VALUES ('0043', 'How to ULTRALEARN Data Science', '3530', '0:03:08', '55316', 'How to ULTRALEARN Data Science', '1', '0036');
INSERT INTO `video` (`video_id`, `title`, `Likes`, `length`, `views`, `description`, `is_short_style`, `channel_id`) VALUES ('0044', 'How I Chose My Masters Degree for Breaking into Data Science', '527', '0:03:24', '18633', 'How I Chose My Masters Degree for Breaking into Data Science', '1', '0037');
INSERT INTO `video` (`video_id`, `title`, `Likes`, `length`, `views`, `description`, `is_short_style`, `channel_id`) VALUES ('0045', 'How I Learn Data Science Through Studying Other Peoples Code |', '691', '0:04:30', '10588', 'How I Learn Data Science Through Studying Other Peoples Code | #66DaysOfData', '1', '0038');
INSERT INTO `video` (`video_id`, `title`, `Likes`, `length`, `views`, `description`, `is_short_style`, `channel_id`) VALUES ('0046', 'Discouraged with Data Science? - Watch THIS video.', '388', '0:03:38', '6825', 'Discouraged with Data Science? - Watch THIS video.', '1', '0039');
INSERT INTO `video` (`video_id`, `title`, `Likes`, `length`, `views`, `description`, `is_short_style`, `channel_id`) VALUES ('0047', 'Data Science Advice for College Students', '1786', '0:02:30', '62154', 'Data Science Advice for College Students', '1', '0040');
INSERT INTO `video` (`video_id`, `title`, `Likes`, `length`, `views`, `description`, `is_short_style`, `channel_id`) VALUES ('0048', 'How to Go From Data Analyst to Data Scientist', '1176', '0:02:15', '40202', 'How to Go From Data Analyst to Data Scientist', '1', '0041');
INSERT INTO `video` (`video_id`, `title`, `Likes`, `length`, `views`, `description`, `is_short_style`, `channel_id`) VALUES ('0049', 'How a Subscriber Landed a Data Analyst Job in Less Than a Year ', '1025', '0:06:45', '25141', 'How a Subscriber Landed a Data Analyst Job in Less Than a Year (Ray Ojel) - KNN EP. 09', '1', '0042');
INSERT INTO `video` (`video_id`, `title`, `Likes`, `length`, `views`, `description`, `is_short_style`, `channel_id`) VALUES ('0050', 'How I Learned to Learn.', '1455', '0:05:17', '23506', 'How I Learned to Learn.', '1', '0043');


INSERT INTO `videocategory` (`video_id`, `category`) VALUES ('4OZip0cgOho', 'Nonprofits & Activism');
INSERT INTO `videocategory` (`video_id`, `category`) VALUES ('78LjdAAw0wA', 'People & Blogs');
INSERT INTO `videocategory` (`video_id`, `category`) VALUES ('hO_YKK_0Qck', 'People & Blogs');
INSERT INTO `videocategory` (`video_id`, `category`) VALUES ('uXLnbdHMf8w', 'Entertainment');
INSERT INTO `videocategory` (`video_id`, `category`) VALUES ('Xgg7dIKys9E', 'Entertainment');
INSERT INTO `videocategory` (`video_id`, `category`) VALUES ('-3d1NctSv0c', 'Entertainment');
INSERT INTO `videocategory` (`video_id`, `category`) VALUES ('Ip50cXvpWY4', 'People & Blogs');
INSERT INTO `videocategory` (`video_id`, `category`) VALUES ('4qZINLzwYyk', 'News & Politics');
INSERT INTO `videocategory` (`video_id`, `category`) VALUES ('742LQ38OioU', 'People & Blogs');
INSERT INTO `videocategory` (`video_id`, `category`) VALUES ('GmW4F6MHqqs', 'Science & Technology');
INSERT INTO `videocategory` (`video_id`, `category`) VALUES ('Q9FjwzKFPuM', 'Education');
INSERT INTO `videocategory` (`video_id`, `category`) VALUES ('41Clrh6nv1s', 'People & Blogs');
INSERT INTO `videocategory` (`video_id`, `category`) VALUES ('8igH8qZafpo', 'People & Blogs');
INSERT INTO `videocategory` (`video_id`, `category`) VALUES ('Kq9dkZu0bpg', 'Entertainment');
INSERT INTO `videocategory` (`video_id`, `category`) VALUES ('sHRq-LshG3U', 'People & Blogs');
INSERT INTO `videocategory` (`video_id`, `category`) VALUES ('S_CuB__nsmI', 'Science & Technology');
INSERT INTO `videocategory` (`video_id`, `category`) VALUES ('I3FBJdiExcg', 'Science & Technology');
INSERT INTO `videocategory` (`video_id`, `category`) VALUES ('6aaIbd-GpZs', 'Science & Technology');
INSERT INTO `videocategory` (`video_id`, `category`) VALUES ('QN3wXPZSjpE', 'Nonprofits & Activism');
INSERT INTO `videocategory` (`video_id`, `category`) VALUES ('SVtRsDhHlDk', 'Nonprofits & Activism');
INSERT INTO `videocategory` (`video_id`, `category`) VALUES ('zF_Q2v_9zKY', 'People & Blogs');
INSERT INTO `videocategory` (`video_id`, `category`) VALUES ('_rbrdNTpZGo', 'Music');
INSERT INTO `videocategory` (`video_id`, `category`) VALUES ('myhoWUrSP7o', 'Entertainment');
INSERT INTO `videocategory` (`video_id`, `category`) VALUES ('2qVWurPFwfc', 'News & Politics');
INSERT INTO `videocategory` (`video_id`, `category`) VALUES ('zGlJ-QndG8E', 'People & Blogs');
INSERT INTO `videocategory` (`video_id`, `category`) VALUES ('BBDiadC8BvE', 'People & Blogs');
INSERT INTO `videocategory` (`video_id`, `category`) VALUES ('mEZ1Hj5yQ-8', 'People & Blogs');
INSERT INTO `videocategory` (`video_id`, `category`) VALUES ('fhi4dOhmW-g', 'People & Blogs');
INSERT INTO `videocategory` (`video_id`, `category`) VALUES ('yukdXV9LR48', 'Music');
INSERT INTO `videocategory` (`video_id`, `category`) VALUES ('g7on3Rw0Ovg', 'Entertainment');
INSERT INTO `videocategory` (`video_id`, `category`) VALUES ('hOUrxTeBJQc', 'Entertainment');
INSERT INTO `videocategory` (`video_id`, `category`) VALUES ('xpIFS6jZbe8', 'Education');
INSERT INTO `videocategory` (`video_id`, `category`) VALUES ('SLC5sPZSLY4', 'Science & Technology');
INSERT INTO `videocategory` (`video_id`, `category`) VALUES ('m5pwx3hgtzM', 'Education');
INSERT INTO `videocategory` (`video_id`, `category`) VALUES ('n3vw0M5RrPU', 'Science & Technology');
INSERT INTO `videocategory` (`video_id`, `category`) VALUES ('zSwM5uVeylU', 'Science & Technology');
INSERT INTO `videocategory` (`video_id`, `category`) VALUES ('qV_AlRwhI3I', 'Travel & Events');
INSERT INTO `videocategory` (`video_id`, `category`) VALUES ('1aXk2RViq3c', 'News & Politics');
INSERT INTO `videocategory` (`video_id`, `category`) VALUES ('QWgg4w1SpJ8', 'People & Blogs');
INSERT INTO `videocategory` (`video_id`, `category`) VALUES ('BZFfNwj7JhE', 'Film & Animation');
INSERT INTO `videocategory` (`video_id`, `category`) VALUES ('MpF9HENQjDo', 'People & Blogs');
INSERT INTO `videocategory` (`video_id`, `category`) VALUES ('XjC3FPL-S78', 'News & Politics');
INSERT INTO `videocategory` (`video_id`, `category`) VALUES ('a3VWq9smqhM', 'Nonprofits & Activism');
INSERT INTO `videocategory` (`video_id`, `category`) VALUES ('domVw8isGOI', 'People & Blogs');
INSERT INTO `videocategory` (`video_id`, `category`) VALUES (' -pdXWmj9xxU', 'Education');
INSERT INTO `videocategory` (`video_id`, `category`) VALUES ('7JCterBrcvk', 'People & Blogs');
INSERT INTO `videocategory` (`video_id`, `category`) VALUES ('xjhW1rSQeik', 'Science & Technology');
INSERT INTO `videocategory` (`video_id`, `category`) VALUES ('EMq4PH7PCeA', 'Science & Technology');
INSERT INTO `videocategory` (`video_id`, `category`) VALUES ('SsGKZe4dVyk', 'Sports');


INSERT INTO `playlist` (`playlist_id`, `playlist_name`, `channel_id`) VALUES ('0001', 'Top 50 This Week & Top 100 Songs 2022 (Best New Music Hits Playlist)', '1');
INSERT INTO `playlist` (`playlist_id`, `playlist_name`, `channel_id`) VALUES ('0002', 'Popular Music Videos', '2');
INSERT INTO `playlist` (`playlist_id`, `playlist_name`, `channel_id`) VALUES ('0003', 'Pop Music Playlist – Timeless Pop Songs (Updated Weekly 2022)', '3');
INSERT INTO `playlist` (`playlist_id`, `playlist_name`, `channel_id`) VALUES ('0004', 'Best Music 2022  Latest Top Songs 2022 (New Hits Playlist)', '4');
INSERT INTO `playlist` (`playlist_id`, `playlist_name`, `channel_id`) VALUES ('0005', 'New Songs 2022 – Best Music Releases This Month (Latest English Songs 2022)', '5');
INSERT INTO `playlist` (`playlist_id`, `playlist_name`, `channel_id`) VALUES ('0006', 'Top 100 Music Videos Global', '6');
INSERT INTO `playlist` (`playlist_id`, `playlist_name`, `channel_id`) VALUES ('0007', 'New This Week', '7');
INSERT INTO `playlist` (`playlist_id`, `playlist_name`, `channel_id`) VALUES ('0008', 'Top 100 Songs South Korea', '8');
INSERT INTO `playlist` (`playlist_id`, `playlist_name`, `channel_id`) VALUES ('0009', 'Sertanejo Universitário 2021 – As melhores para churrasco', '9');
INSERT INTO `playlist` (`playlist_id`, `playlist_name`, `channel_id`) VALUES ('0010', 'Top 100 Music Videos Japan', '10');


INSERT INTO `videoplaylist` (`playlist_id`, `video_id`) VALUES ('0001', '1');
INSERT INTO `videoplaylist` (`playlist_id`, `video_id`) VALUES ('0001', '2');
INSERT INTO `videoplaylist` (`playlist_id`, `video_id`) VALUES ('0001', '3');
INSERT INTO `videoplaylist` (`playlist_id`, `video_id`) VALUES ('0001', '4');
INSERT INTO `videoplaylist` (`playlist_id`, `video_id`) VALUES ('0001', '5');
INSERT INTO `videoplaylist` (`playlist_id`, `video_id`) VALUES ('0001', '6');
INSERT INTO `videoplaylist` (`playlist_id`, `video_id`) VALUES ('0001', '7');
INSERT INTO `videoplaylist` (`playlist_id`, `video_id`) VALUES ('0001', '8');
INSERT INTO `videoplaylist` (`playlist_id`, `video_id`) VALUES ('0002', '9');
INSERT INTO `videoplaylist` (`playlist_id`, `video_id`) VALUES ('0002', '10');
INSERT INTO `videoplaylist` (`playlist_id`, `video_id`) VALUES ('0002', '11');
INSERT INTO `videoplaylist` (`playlist_id`, `video_id`) VALUES ('0002', '12');
INSERT INTO `videoplaylist` (`playlist_id`, `video_id`) VALUES ('0002', '13');
INSERT INTO `videoplaylist` (`playlist_id`, `video_id`) VALUES ('0002', '14');
INSERT INTO `videoplaylist` (`playlist_id`, `video_id`) VALUES ('0002', '15');
INSERT INTO `videoplaylist` (`playlist_id`, `video_id`) VALUES ('0003', '16');
INSERT INTO `videoplaylist` (`playlist_id`, `video_id`) VALUES ('0003', '17');
INSERT INTO `videoplaylist` (`playlist_id`, `video_id`) VALUES ('0004', '18');
INSERT INTO `videoplaylist` (`playlist_id`, `video_id`) VALUES ('0004', '19');
INSERT INTO `videoplaylist` (`playlist_id`, `video_id`) VALUES ('0004', '20');
INSERT INTO `videoplaylist` (`playlist_id`, `video_id`) VALUES ('0004', '21');
INSERT INTO `videoplaylist` (`playlist_id`, `video_id`) VALUES ('0005', '22');
INSERT INTO `videoplaylist` (`playlist_id`, `video_id`) VALUES ('0005', '23');
INSERT INTO `videoplaylist` (`playlist_id`, `video_id`) VALUES ('0006', '24');
INSERT INTO `videoplaylist` (`playlist_id`, `video_id`) VALUES ('0006', '25');
INSERT INTO `videoplaylist` (`playlist_id`, `video_id`) VALUES ('0007', '26');
INSERT INTO `videoplaylist` (`playlist_id`, `video_id`) VALUES ('0007', '27');
INSERT INTO `videoplaylist` (`playlist_id`, `video_id`) VALUES ('0008', '28');
INSERT INTO `videoplaylist` (`playlist_id`, `video_id`) VALUES ('0008', '29');
INSERT INTO `videoplaylist` (`playlist_id`, `video_id`) VALUES ('0009', '30');
INSERT INTO `videoplaylist` (`playlist_id`, `video_id`) VALUES ('0009', '31');
INSERT INTO `videoplaylist` (`playlist_id`, `video_id`) VALUES ('0010', '32');
INSERT INTO `videoplaylist` (`playlist_id`, `video_id`) VALUES ('0010', '33');
INSERT INTO `videoplaylist` (`playlist_id`, `video_id`) VALUES ('0010', '34');
INSERT INTO `videoplaylist` (`playlist_id`, `video_id`) VALUES ('0010', '35');
INSERT INTO `videoplaylist` (`playlist_id`, `video_id`) VALUES ('0010', '36');


INSERT INTO `account` (`account_id`, `username`, `created_on`) VALUES ('0001', 'tseries', '1/1/06');
INSERT INTO `account` (`account_id`, `username`, `created_on`) VALUES ('0002', 'checkgate', '1/1/15');
INSERT INTO `account` (`account_id`, `username`, `created_on`) VALUES ('0003', 'PewDiePie', '1/1/06');
INSERT INTO `account` (`account_id`, `username`, `created_on`) VALUES ('0004', 'MrBeast6000', '1/1/06');
INSERT INTO `account` (`account_id`, `username`, `created_on`) VALUES ('0005', 'Kids Diana Show', '1/1/13');
INSERT INTO `account` (`account_id`, `username`, `created_on`) VALUES ('0006', 'Like Nastya', '1/1/10');
INSERT INTO `account` (`account_id`, `username`, `created_on`) VALUES ('0007', 'WWEFanNation', '1/1/12');
INSERT INTO `account` (`account_id`, `username`, `created_on`) VALUES ('0008', 'zeemusiccompany', '1/1/15');
INSERT INTO `account` (`account_id`, `username`, `created_on`) VALUES ('0009', 'Vlad and Niki', '1/1/16');
INSERT INTO `account` (`account_id`, `username`, `created_on`) VALUES ('0010', '5-Minute Crafts', '1/1/13');
INSERT INTO `account` (`account_id`, `username`, `created_on`) VALUES ('0011', 'GoldminesTelefilms', '1/1/07');
INSERT INTO `account` (`account_id`, `username`, `created_on`) VALUES ('0012', 'kidrauhl', '1/1/14');
INSERT INTO `account` (`account_id`, `username`, `created_on`) VALUES ('0013', 'sabtv', '1/1/18');
INSERT INTO `account` (`account_id`, `username`, `created_on`) VALUES ('0014', 'BANGTANTV', '1/1/16');
INSERT INTO `account` (`account_id`, `username`, `created_on`) VALUES ('0015', 'ibighit', '1/1/16');
INSERT INTO `account` (`account_id`, `username`, `created_on`) VALUES ('0016', 'CanalKondZilla', '1/1/13');
INSERT INTO `account` (`account_id`, `username`, `created_on`) VALUES ('0017', 'zeetv', '1/1/12');
INSERT INTO `account` (`account_id`, `username`, `created_on`) VALUES ('0018', 'filmigaane', '1/1/07');
INSERT INTO `account` (`account_id`, `username`, `created_on`) VALUES ('0019', 'SmartBooksMedia', '1/1/12');
INSERT INTO `account` (`account_id`, `username`, `created_on`) VALUES ('0020', 'corycotton', '1/1/07');
INSERT INTO `account` (`account_id`, `username`, `created_on`) VALUES ('0021', 'movieclips', '1/1/08');
INSERT INTO `account` (`account_id`, `username`, `created_on`) VALUES ('0022', 'ChuChu TV Nursery Rhymes & Kids Songs', '1/1/12');
INSERT INTO `account` (`account_id`, `username`, `created_on`) VALUES ('0023', 'Marshmello', '1/1/05');
INSERT INTO `account` (`account_id`, `username`, `created_on`) VALUES ('0024', 'colorstv', '1/1/10');
INSERT INTO `account` (`account_id`, `username`, `created_on`) VALUES ('0025', 'BHOJPURIWAVE', '1/1/11');
INSERT INTO `account` (`account_id`, `username`, `created_on`) VALUES ('0026', 'EminemMusic', '1/1/09');
INSERT INTO `account` (`account_id`, `username`, `created_on`) VALUES ('0027', 'aajtaktv', '1/1/13');
INSERT INTO `account` (`account_id`, `username`, `created_on`) VALUES ('0028', 'tipsmusic', '1/1/06');
INSERT INTO `account` (`account_id`, `username`, `created_on`) VALUES ('0029', 'sonymusicindiaSME', '1/1/15');
INSERT INTO `account` (`account_id`, `username`, `created_on`) VALUES ('0030', 'tseriesbhakti', '1/1/08');
INSERT INTO `account` (`account_id`, `username`, `created_on`) VALUES ('0031', 'ReinoMariaElenaWalsh', '1/1/14');
INSERT INTO `account` (`account_id`, `username`, `created_on`) VALUES ('0032', 'LooLooKids', '1/1/07');
INSERT INTO `account` (`account_id`, `username`, `created_on`) VALUES ('0033', 'yrf', '1/1/09');
INSERT INTO `account` (`account_id`, `username`, `created_on`) VALUES ('0034', 'taylorswift', '1/1/07');
INSERT INTO `account` (`account_id`, `username`, `created_on`) VALUES ('0035', 'JuegaGerman', '1/1/11');
INSERT INTO `account` (`account_id`, `username`, `created_on`) VALUES ('0036', 'Badabun', '1/1/09');
INSERT INTO `account` (`account_id`, `username`, `created_on`) VALUES ('0037', 'infobellshindirhymes', '1/1/06');
INSERT INTO `account` (`account_id`, `username`, `created_on`) VALUES ('0038', 'felipeneto', '1/1/11');
INSERT INTO `account` (`account_id`, `username`, `created_on`) VALUES ('0039', 'whinderssonnunes', '1/1/07');
INSERT INTO `account` (`account_id`, `username`, `created_on`) VALUES ('0040', 'BRIGHT SIDE', '1/1/14');
INSERT INTO `account` (`account_id`, `username`, `created_on`) VALUES ('0041', 'vcsabiavideos', '1/1/06');
INSERT INTO `account` (`account_id`, `username`, `created_on`) VALUES ('0042', 'sonymusicindiaVEVO', '1/1/06');
INSERT INTO `account` (`account_id`, `username`, `created_on`) VALUES ('0043', 'DjWalkzz', '1/1/13');
INSERT INTO `account` (`account_id`, `username`, `created_on`) VALUES ('0044', 'Bad Bunny', '1/1/13');
INSERT INTO `account` (`account_id`, `username`, `created_on`) VALUES ('0045', 'Like Nastya Show', '1/1/13');
INSERT INTO `account` (`account_id`, `username`, `created_on`) VALUES ('0046', 'A4', '1/1/14');
INSERT INTO `account` (`account_id`, `username`, `created_on`) VALUES ('0047', 'speedrecordss', '1/1/14');
INSERT INTO `account` (`account_id`, `username`, `created_on`) VALUES ('0048', 'getmovies', '1/1/11');
INSERT INTO `account` (`account_id`, `username`, `created_on`) VALUES ('0049', 'ABSCBNOnline', '1/1/06');
INSERT INTO `account` (`account_id`, `username`, `created_on`) VALUES ('0050', 'LittleBabyBum', '1/1/17');



INSERT INTO `comment` (`comment_id`, `Likes`, `Dislikes`, `words`, `channel_id`, `video_id`) VALUES ('0001', '0', '0', '"Thanks for this video Ken.', '0001', '0001');
INSERT INTO `comment` (`comment_id`, `Likes`, `Dislikes`, `words`, `channel_id`, `video_id`) VALUES ('0002', '0', '0', 'Hello ken jee!!! Im doing a graduation on Computer Science and i really keen to learn Data Science.', '0002', '0002');
INSERT INTO `comment` (`comment_id`, `Likes`, `Dislikes`, `words`, `channel_id`, `video_id`) VALUES ('0003', '0', '0', 'Thanks for this video, man. So useful. Ill meet you when Im a Senior Lead Data Scientist at the Company I work for', '0003', '0003');
INSERT INTO `comment` (`comment_id`, `Likes`, `Dislikes`, `words`, `channel_id`, `video_id`) VALUES ('0004', '0', '0', 'Great video!!! I started learning Python 8 months ago and quickly became interested in DS', '0004', '0004');
INSERT INTO `comment` (`comment_id`, `Likes`, `Dislikes`, `words`, `channel_id`, `video_id`) VALUES ('0005', '0', '0', 'Been watching hours of your material (and Tina) because while I do know that it is not an easy field, ve been fascinated by it ever since ', '0005', '0005');
INSERT INTO `comment` (`comment_id`, `Likes`, `Dislikes`, `words`, `channel_id`, `video_id`) VALUES ('0006', '0', '0', 'Hey Ken! I am almost finishing my university degreed in market research & marketing and I am going to focus in data science/data engineering. ', '0005', '0006');
INSERT INTO `comment` (`comment_id`, `Likes`, `Dislikes`, `words`, `channel_id`, `video_id`) VALUES ('0007', '0', '0', 'So basically is it modest to say that the silver bullet to get into a good role', '0005', '0007');
INSERT INTO `comment` (`comment_id`, `Likes`, `Dislikes`, `words`, `channel_id`, `video_id`) VALUES ('0008', '0', '0', 'Hi Ken, as always, your videos are insightful and easy to follow.', '0005', '0008');
INSERT INTO `comment` (`comment_id`, `Likes`, `Dislikes`, `words`, `channel_id`, `video_id`) VALUES ('0009', '0', '1', 'Watching this for a second time while working out because, well, Im a huge geek and a fanboi.', '0005', '0009');
INSERT INTO `comment` (`comment_id`, `Likes`, `Dislikes`, `words`, `channel_id`, `video_id`) VALUES ('0010', '0', '0', 'Any good resume templates I can use?', '0005', '0010');



INSERT INTO `comment_on` (`commenter_id`, `commentee_id`) VALUES ('0001', '1');
INSERT INTO `comment_on` (`commenter_id`, `commentee_id`) VALUES ('0001', '2');
INSERT INTO `comment_on` (`commenter_id`, `commentee_id`) VALUES ('0001', '3');
INSERT INTO `comment_on` (`commenter_id`, `commentee_id`) VALUES ('0007', '4');
INSERT INTO `comment_on` (`commenter_id`, `commentee_id`) VALUES ('0007', '5');
INSERT INTO `comment_on` (`commenter_id`, `commentee_id`) VALUES ('0453', '6');
INSERT INTO `comment_on` (`commenter_id`, `commentee_id`) VALUES ('0017', '7');
INSERT INTO `comment_on` (`commenter_id`, `commentee_id`) VALUES ('0017', '8');
INSERT INTO `comment_on` (`commenter_id`, `commentee_id`) VALUES ('0017', '9');
INSERT INTO `comment_on` (`commenter_id`, `commentee_id`) VALUES ('0022', '10');
INSERT INTO `comment_on` (`commenter_id`, `commentee_id`) VALUES ('0022', '11');
INSERT INTO `comment_on` (`commenter_id`, `commentee_id`) VALUES ('0022', '12');
INSERT INTO `comment_on` (`commenter_id`, `commentee_id`) VALUES ('0028', '13');
INSERT INTO `comment_on` (`commenter_id`, `commentee_id`) VALUES ('0028', '14');
INSERT INTO `comment_on` (`commenter_id`, `commentee_id`) VALUES ('0028', '15');
INSERT INTO `comment_on` (`commenter_id`, `commentee_id`) VALUES ('0038', '16');
INSERT INTO `comment_on` (`commenter_id`, `commentee_id`) VALUES ('0038', '17');
INSERT INTO `comment_on` (`commenter_id`, `commentee_id`) VALUES ('0038', '18');
INSERT INTO `comment_on` (`commenter_id`, `commentee_id`) VALUES ('0039', '19');
INSERT INTO `comment_on` (`commenter_id`, `commentee_id`) VALUES ('0039', '20');
INSERT INTO `comment_on` (`commenter_id`, `commentee_id`) VALUES ('0039', '21');



INSERT INTO `subscribeto` (`subscriber_id`, `subscribee_id`) VALUES ('1', '3');
INSERT INTO `subscribeto` (`subscriber_id`, `subscribee_id`) VALUES ('2', '49');
INSERT INTO `subscribeto` (`subscriber_id`, `subscribee_id`) VALUES ('3', '48');
INSERT INTO `subscribeto` (`subscriber_id`, `subscribee_id`) VALUES ('4', '47');
INSERT INTO `subscribeto` (`subscriber_id`, `subscribee_id`) VALUES ('5', '46');
INSERT INTO `subscribeto` (`subscriber_id`, `subscribee_id`) VALUES ('6', '45');
INSERT INTO `subscribeto` (`subscriber_id`, `subscribee_id`) VALUES ('7', '44');
INSERT INTO `subscribeto` (`subscriber_id`, `subscribee_id`) VALUES ('8', '43');
INSERT INTO `subscribeto` (`subscriber_id`, `subscribee_id`) VALUES ('9', '42');
INSERT INTO `subscribeto` (`subscriber_id`, `subscribee_id`) VALUES ('10', '41');
INSERT INTO `subscribeto` (`subscriber_id`, `subscribee_id`) VALUES ('11', '40');
INSERT INTO `subscribeto` (`subscriber_id`, `subscribee_id`) VALUES ('12', '39');
INSERT INTO `subscribeto` (`subscriber_id`, `subscribee_id`) VALUES ('13', '38');
INSERT INTO `subscribeto` (`subscriber_id`, `subscribee_id`) VALUES ('14', '37');
INSERT INTO `subscribeto` (`subscriber_id`, `subscribee_id`) VALUES ('15', '36');
INSERT INTO `subscribeto` (`subscriber_id`, `subscribee_id`) VALUES ('16', '35');
INSERT INTO `subscribeto` (`subscriber_id`, `subscribee_id`) VALUES ('17', '34');
INSERT INTO `subscribeto` (`subscriber_id`, `subscribee_id`) VALUES ('18', '33');
INSERT INTO `subscribeto` (`subscriber_id`, `subscribee_id`) VALUES ('19', '32');
INSERT INTO `subscribeto` (`subscriber_id`, `subscribee_id`) VALUES ('20', '31');
INSERT INTO `subscribeto` (`subscriber_id`, `subscribee_id`) VALUES ('21', '30');
INSERT INTO `subscribeto` (`subscriber_id`, `subscribee_id`) VALUES ('22', '29');
INSERT INTO `subscribeto` (`subscriber_id`, `subscribee_id`) VALUES ('23', '28');
INSERT INTO `subscribeto` (`subscriber_id`, `subscribee_id`) VALUES ('24', '27');
INSERT INTO `subscribeto` (`subscriber_id`, `subscribee_id`) VALUES ('25', '26');
INSERT INTO `subscribeto` (`subscriber_id`, `subscribee_id`) VALUES ('26', '25');
INSERT INTO `subscribeto` (`subscriber_id`, `subscribee_id`) VALUES ('27', '24');
INSERT INTO `subscribeto` (`subscriber_id`, `subscribee_id`) VALUES ('28', '23');
INSERT INTO `subscribeto` (`subscriber_id`, `subscribee_id`) VALUES ('29', '22');
INSERT INTO `subscribeto` (`subscriber_id`, `subscribee_id`) VALUES ('30', '21');
INSERT INTO `subscribeto` (`subscriber_id`, `subscribee_id`) VALUES ('31', '20');
INSERT INTO `subscribeto` (`subscriber_id`, `subscribee_id`) VALUES ('32', '19');
INSERT INTO `subscribeto` (`subscriber_id`, `subscribee_id`) VALUES ('33', '18');
INSERT INTO `subscribeto` (`subscriber_id`, `subscribee_id`) VALUES ('34', '17');
INSERT INTO `subscribeto` (`subscriber_id`, `subscribee_id`) VALUES ('35', '16');
INSERT INTO `subscribeto` (`subscriber_id`, `subscribee_id`) VALUES ('36', '15');
INSERT INTO `subscribeto` (`subscriber_id`, `subscribee_id`) VALUES ('37', '14');
INSERT INTO `subscribeto` (`subscriber_id`, `subscribee_id`) VALUES ('38', '13');
INSERT INTO `subscribeto` (`subscriber_id`, `subscribee_id`) VALUES ('39', '12');
INSERT INTO `subscribeto` (`subscriber_id`, `subscribee_id`) VALUES ('40', '11');
INSERT INTO `subscribeto` (`subscriber_id`, `subscribee_id`) VALUES ('41', '10');
INSERT INTO `subscribeto` (`subscriber_id`, `subscribee_id`) VALUES ('42', '9');
INSERT INTO `subscribeto` (`subscriber_id`, `subscribee_id`) VALUES ('43', '8');
INSERT INTO `subscribeto` (`subscriber_id`, `subscribee_id`) VALUES ('44', '7');
INSERT INTO `subscribeto` (`subscriber_id`, `subscribee_id`) VALUES ('45', '6');
INSERT INTO `subscribeto` (`subscriber_id`, `subscribee_id`) VALUES ('46', '5');
INSERT INTO `subscribeto` (`subscriber_id`, `subscribee_id`) VALUES ('47', '4');
INSERT INTO `subscribeto` (`subscriber_id`, `subscribee_id`) VALUES ('48', '3');
INSERT INTO `subscribeto` (`subscriber_id`, `subscribee_id`) VALUES ('49', '2');










